station_id,name,operator,state,city,pincode,charger_types,number_of_chargers,power_kW_each,price_per_kWh_INR,tariff_type,payment_methods,opening_hours,contact_number,email,station_rating,num_reviews,parking_spaces,amenities,reservation_supported,fast_charging_supported,nearby_landmark,uptime_percent,status
STN0001,New Delhi EV Charging Station 1,Tata Power,Delhi,New Delhi,110299,AC Type2,4,3.3;22;11;11,31.01,Fixed,UPI;Credit Card;Wallet,24x7,+914704587398,contact1@example-ev.com,3.5,1,29,Waiting Area,No,No,Mall,93.12,Active
STN0002,Pune EV Charging Station 2,Magenta,Maharashtra,Pune,411046,AC Type2;DC CHAdeMO,10,350;250;30;7.2;3.3;11;150;50;22;150,8.44,Dynamic,UPI;Credit Card,08:00-20:00,+917304546601,contact2@example-ev.com,4.7,234,27,Waiting Area;Restroom;Shops,No,Yes,Residential Area,92.31,Active
STN0003,Mumbai EV Charging Station 3,Magenta,Maharashtra,Mumbai,400551,AC Type2;DC CCS2,2,22;250,8.79,Fixed,UPI;Credit Card,06:00-22:00,+914652858129,contact3@example-ev.com,3.6,356,3,None;Cafe;ATM,Yes,Yes,Airport,96.72,Active
STN0004,Kolkata EV Charging Station 4,Fortum,West Bengal,Kolkata,700088,DC CCS2;DC CHAdeMO,6,350;22;30;150;7.2;50,22.73,Fixed,RFID;UPI;Credit Card,06:00-22:00,+915882827760,contact4@example-ev.com,4.8,249,15,Shops;ATM,Yes,Yes,Mall,99.47,Active
STN0005,Hyderabad EV Charging Station 5,AtherGrid,Telangana,Hyderabad,500126,DC CHAdeMO,6,75;7.2;3.3;22;50;11,31.26,Fixed,RFID;UPI,06:00-22:00,+910609641795,contact5@example-ev.com,3.4,459,23,Cafe,No,Yes,Airport,94.11,Active
STN0006,Chennai EV Charging Station 6,Magenta,Tamil Nadu,Chennai,600234,AC Type2;DC CHAdeMO,6,75;22;100;30;30;350,27.81,Dynamic,RFID;UPI,06:00-22:00,+914265609072,contact6@example-ev.com,3.3,891,25,Waiting Area,Yes,Yes,Industrial Area,98.91,Active
STN0007,Chennai EV Charging Station 7,AtherGrid,Tamil Nadu,Chennai,600116,AC Type2;DC CHAdeMO,10,11;350;50;100;3.3;22;350;250;22;60,21.32,Fixed,RFID;UPI,24x7,+913805273638,contact7@example-ev.com,3.4,413,3,ATM,No,Yes,Mall,90.41,Under Maintenance
STN0008,Kolkata EV Charging Station 8,Fortum,West Bengal,Kolkata,700983,AC Type2;DC CCS2,2,11;50,11.4,Fixed,UPI;Credit Card,06:00-22:00,+916272021501,contact8@example-ev.com,4.0,295,25,ATM,Yes,Yes,Industrial Area,98.21,Active
STN0009,Bengaluru EV Charging Station 9,Tata Power,Karnataka,Bengaluru,560113,DC CCS2;DC CHAdeMO,3,30;350;7.2,26.05,Dynamic,RFID;UPI,06:00-22:00,+913280984685,contact9@example-ev.com,3.5,803,29,None;Cafe,Yes,Yes,Mall,92.89,Active
STN0010,Pune EV Charging Station 10,EVgoIndia,Maharashtra,Pune,411558,AC Type2;DC CHAdeMO,2,150;3.3,29.61,Dynamic,UPI;Credit Card;Wallet,08:00-20:00,+910402352129,contact10@example-ev.com,4.4,624,22,Restroom;Waiting Area,Yes,Yes,Residential Area,96.72,Active
STN0011,Mumbai EV Charging Station 11,AtherGrid,Maharashtra,Mumbai,400966,DC CHAdeMO,2,100;100,19.09,Dynamic,UPI;Credit Card,08:00-20:00,+916063306212,contact11@example-ev.com,3.2,547,9,Shops;None,No,Yes,Mall,90.93,Under Maintenance
STN0012,Hyderabad EV Charging Station 12,Fortum,Telangana,Hyderabad,500411,DC CHAdeMO,6,30;250;30;7.2;11;150,34.81,Fixed,RFID;UPI,08:00-20:00,+911317084030,contact12@example-ev.com,3.4,217,33,ATM,Yes,Yes,Highway,96.59,Active
STN0013,Bengaluru EV Charging Station 13,Tata Power,Karnataka,Bengaluru,560912,AC Type2,10,22;22;22;11;7.2;22;22;3.3;3.3;3.3,13.83,Dynamic,RFID;UPI;Credit Card,08:00-20:00,+917387054754,contact13@example-ev.com,4.1,373,34,None;Shops,No,No,Airport,91.82,Offline
STN0014,Pune EV Charging Station 14,Magenta,Maharashtra,Pune,411181,AC Type2;DC CHAdeMO,2,150;7.2,32.42,Dynamic,RFID;UPI;Credit Card,08:00-20:00,+910825022262,contact14@example-ev.com,4.9,518,8,Waiting Area;Cafe,No,Yes,Metro Station,99.28,Active
STN0015,Chennai EV Charging Station 15,Magenta,Tamil Nadu,Chennai,600208,AC Type2;DC CHAdeMO,6,22;150;22;250;22;30,25.22,Fixed,UPI;Credit Card;Wallet,06:00-22:00,+910524584153,contact15@example-ev.com,3.0,38,24,Shops;Cafe,No,Yes,Airport,98.14,Active
STN0016,New Delhi EV Charging Station 16,Local Municipal,Delhi,New Delhi,110944,AC Type2,8,22;22;22;22;3.3;7.2;7.2;11,14.18,Fixed,UPI;Credit Card;Wallet,08:00-20:00,+917060148665,contact16@example-ev.com,3.1,521,26,Cafe,No,No,Residential Area,91.2,Under Maintenance
STN0017,Pune EV Charging Station 17,Private Operator,Maharashtra,Pune,411167,AC Type2,3,3.3;22;22,21.5,Dynamic,UPI;Credit Card;Wallet,24x7,+917577746416,contact17@example-ev.com,3.5,327,40,Shops;Cafe,Yes,No,Office Complex,98.3,Under Maintenance
STN0018,Ahmedabad EV Charging Station 18,Fortum,Gujarat,Ahmedabad,380304,DC CHAdeMO,8,60;30;250;22;11;11;75;22,29.82,Dynamic,RFID;UPI;Credit Card,24x7,+914397022592,contact18@example-ev.com,3.9,647,10,Shops,Yes,Yes,Airport,93.01,Active
STN0019,Pune EV Charging Station 19,AtherGrid,Maharashtra,Pune,411762,DC CCS2,4,350;50;3.3;7.2,25.67,Fixed,UPI;Credit Card,06:00-22:00,+919328237114,contact19@example-ev.com,3.9,130,39,None;ATM,Yes,Yes,Office Complex,93.08,Active
STN0020,Bengaluru EV Charging Station 20,AtherGrid,Karnataka,Bengaluru,560382,DC CCS2;DC CHAdeMO,10,75;22;3.3;11;100;60;7.2;50;100;3.3,13.01,Dynamic,UPI;Credit Card,06:00-22:00,+915449811055,contact20@example-ev.com,3.2,461,3,Shops,No,Yes,Office Complex,98.04,Active
STN0021,Ahmedabad EV Charging Station 21,EVgoIndia,Gujarat,Ahmedabad,380329,DC CCS2,3,11;350;7.2,27.89,Dynamic,UPI;Credit Card;Wallet,06:00-22:00,+915703042427,contact21@example-ev.com,4.1,855,27,None;ATM;Restroom,Yes,Yes,Highway,96.67,Under Maintenance
STN0022,Bengaluru EV Charging Station 22,Fortum,Karnataka,Bengaluru,560476,DC CCS2,3,60;22;30,18.31,Fixed,UPI;Credit Card,06:00-22:00,+911870995233,contact22@example-ev.com,4.5,76,16,ATM;Shops;Restroom,No,Yes,Office Complex,92.75,Active
STN0023,New Delhi EV Charging Station 23,Private Operator,Delhi,New Delhi,110579,AC Type2;DC CHAdeMO,8,350;75;250;7.2;75;3.3;7.2;11,15.55,Dynamic,UPI;Credit Card;Wallet,06:00-22:00,+915123463794,contact23@example-ev.com,3.6,253,11,Shops,Yes,Yes,Mall,96.11,Active
STN0024,Chennai EV Charging Station 24,Fortum,Tamil Nadu,Chennai,600944,AC Type2;DC CHAdeMO,6,11;22;150;350;60;250,27.99,Dynamic,RFID;UPI;Credit Card,08:00-20:00,+919932307553,contact24@example-ev.com,3.4,336,3,None,Yes,Yes,Airport,96.08,Active
STN0025,Kolkata EV Charging Station 25,Local Municipal,West Bengal,Kolkata,700975,AC Type2;DC CHAdeMO,2,22;7.2,30.67,Dynamic,UPI;Credit Card,06:00-22:00,+915343337001,contact25@example-ev.com,4.4,597,4,ATM,No,Yes,Airport,97.08,Active
STN0026,Chennai EV Charging Station 26,Private Operator,Tamil Nadu,Chennai,600343,DC CCS2,10,22;7.2;50;150;3.3;350;75;7.2;75;100,28.71,Fixed,UPI;Credit Card,06:00-22:00,+918670101176,contact26@example-ev.com,3.5,939,25,Cafe,No,Yes,Airport,90.63,Active
STN0027,Chennai EV Charging Station 27,Private Operator,Tamil Nadu,Chennai,600255,DC CCS2;DC CHAdeMO,10,75;7.2;60;11;3.3;22;50;50;350;60,20.54,Fixed,UPI;Credit Card;Wallet,24x7,+913645884898,contact27@example-ev.com,4.0,574,22,None;Waiting Area,No,Yes,Highway,97.7,Active
STN0028,New Delhi EV Charging Station 28,AtherGrid,Delhi,New Delhi,110083,DC CCS2,10,250;350;3.3;11;75;100;150;22;75;3.3,31.95,Fixed,RFID;UPI,06:00-22:00,+913672048903,contact28@example-ev.com,3.1,883,16,ATM;Waiting Area,Yes,Yes,Mall,92.08,Active
STN0029,Ahmedabad EV Charging Station 29,Tata Power,Gujarat,Ahmedabad,380249,DC CHAdeMO,4,3.3;7.2;22;30,17.84,Fixed,UPI;Credit Card;Wallet,24x7,+918852671094,contact29@example-ev.com,4.7,65,14,Cafe;Restroom,Yes,Yes,Highway,91.76,Active
STN0030,Chennai EV Charging Station 30,Local Municipal,Tamil Nadu,Chennai,600195,DC CHAdeMO,10,3.3;60;100;22;60;350;22;7.2;7.2;22,26.95,Dynamic,RFID;UPI;Credit Card,24x7,+913883246429,contact30@example-ev.com,3.4,511,28,None,No,Yes,Highway,92.05,Active
STN0031,Mumbai EV Charging Station 31,EVgoIndia,Maharashtra,Mumbai,400489,DC CCS2;DC CHAdeMO,6,150;22;11;350;22;60,33.45,Dynamic,RFID;UPI,06:00-22:00,+914460180514,contact31@example-ev.com,4.4,719,2,Cafe;Waiting Area,Yes,Yes,Metro Station,96.56,Active
STN0032,Mumbai EV Charging Station 32,AtherGrid,Maharashtra,Mumbai,400261,DC CCS2;DC CHAdeMO,8,3.3;100;22;60;75;22;7.2;100,19.22,Dynamic,RFID;UPI,06:00-22:00,+913748893579,contact32@example-ev.com,3.1,492,10,Shops;None;Waiting Area,No,Yes,Metro Station,98.61,Under Maintenance
STN0033,Pune EV Charging Station 33,Local Municipal,Maharashtra,Pune,411670,AC Type2;DC CCS2,4,30;50;7.2;100,33.84,Fixed,RFID;UPI;Credit Card,06:00-22:00,+917283038220,contact33@example-ev.com,3.3,505,24,None,No,Yes,Mall,96.24,Active
STN0034,New Delhi EV Charging Station 34,EVgoIndia,Delhi,New Delhi,110091,AC Type2,3,7.2;11;3.3,22.51,Fixed,UPI;Credit Card,24x7,+917867003120,contact34@example-ev.com,3.6,142,29,Waiting Area,Yes,No,Industrial Area,98.59,Active
STN0035,Kolkata EV Charging Station 35,AtherGrid,West Bengal,Kolkata,700551,AC Type2;DC CHAdeMO,3,3.3;3.3;350,21.07,Fixed,RFID;UPI,24x7,+917918502666,contact35@example-ev.com,3.4,613,29,Waiting Area;Cafe,No,Yes,Metro Station,91.32,Active
STN0036,Ahmedabad EV Charging Station 36,AtherGrid,Gujarat,Ahmedabad,380651,AC Type2;DC CHAdeMO,4,75;150;3.3;75,13.47,Dynamic,RFID;UPI;Credit Card,24x7,+912915583996,contact36@example-ev.com,4.8,718,29,Restroom;ATM;Cafe,No,Yes,Mall,90.03,Active
STN0037,Ahmedabad EV Charging Station 37,Local Municipal,Gujarat,Ahmedabad,380561,DC CHAdeMO,2,7.2;22,15.34,Dynamic,UPI;Credit Card,08:00-20:00,+915845595697,contact37@example-ev.com,3.9,817,5,Cafe,No,Yes,Residential Area,96.12,Active
STN0038,Hyderabad EV Charging Station 38,Fortum,Telangana,Hyderabad,500211,DC CHAdeMO,6,100;150;60;7.2;11;250,20.14,Dynamic,UPI;Credit Card;Wallet,06:00-22:00,+912138800982,contact38@example-ev.com,3.7,884,25,Waiting Area;Cafe;Restroom,No,Yes,Mall,91.73,Active
STN0039,Bengaluru EV Charging Station 39,Tata Power,Karnataka,Bengaluru,560420,DC CCS2,8,22;30;22;7.2;3.3;22;11;30,9.6,Dynamic,UPI;Credit Card,24x7,+917077826695,contact39@example-ev.com,4.7,493,19,ATM,No,Yes,Office Complex,97.25,Under Maintenance
STN0040,Ahmedabad EV Charging Station 40,Private Operator,Gujarat,Ahmedabad,380163,DC CHAdeMO,4,11;11;100;22,28.25,Fixed,RFID;UPI,08:00-20:00,+910741852600,contact40@example-ev.com,4.9,954,22,Waiting Area,No,Yes,Metro Station,99.88,Active
STN0041,Kolkata EV Charging Station 41,Tata Power,West Bengal,Kolkata,700382,DC CCS2,4,7.2;22;150;3.3,20.77,Fixed,RFID;UPI,06:00-22:00,+919435127142,contact41@example-ev.com,4.1,660,22,Shops,Yes,Yes,Metro Station,95.89,Active
STN0042,New Delhi EV Charging Station 42,Fortum,Delhi,New Delhi,110129,DC CCS2;DC CHAdeMO,2,7.2;22,9.99,Fixed,UPI;Credit Card;Wallet,24x7,+918740789847,contact42@example-ev.com,4.0,390,31,Waiting Area;ATM,Yes,Yes,Airport,97.65,Active
STN0043,Mumbai EV Charging Station 43,AtherGrid,Maharashtra,Mumbai,400778,DC CHAdeMO,8,30;3.3;75;50;30;7.2;3.3;50,30.09,Fixed,UPI;Credit Card;Wallet,06:00-22:00,+919631413934,contact43@example-ev.com,4.7,35,23,Cafe;Restroom;Shops,Yes,Yes,Metro Station,90.71,Active
STN0044,Mumbai EV Charging Station 44,EVgoIndia,Maharashtra,Mumbai,400234,AC Type2;DC CCS2,6,22;7.2;150;150;350;100,18.43,Fixed,RFID;UPI,06:00-22:00,+914743757914,contact44@example-ev.com,4.3,606,19,ATM;Waiting Area,Yes,Yes,Mall,98.51,Active
STN0045,Mumbai EV Charging Station 45,Magenta,Maharashtra,Mumbai,400719,AC Type2;DC CHAdeMO,8,60;7.2;3.3;22;350;11;11;30,27.39,Fixed,UPI;Credit Card,06:00-22:00,+913937909039,contact45@example-ev.com,3.5,282,25,ATM,Yes,Yes,Airport,92.75,Active
STN0046,Kolkata EV Charging Station 46,Magenta,West Bengal,Kolkata,700755,AC Type2,6,11;7.2;11;22;7.2;22,34.91,Dynamic,UPI;Credit Card;Wallet,08:00-20:00,+914928505840,contact46@example-ev.com,4.5,106,2,Waiting Area;Restroom,Yes,No,Airport,92.51,Active
STN0047,Bengaluru EV Charging Station 47,Local Municipal,Karnataka,Bengaluru,560166,DC CCS2,6,11;250;60;22;3.3;11,33.43,Fixed,UPI;Credit Card,08:00-20:00,+910713710485,contact47@example-ev.com,3.9,9,16,ATM;Waiting Area;Cafe,Yes,Yes,Office Complex,92.77,Active
STN0048,Kolkata EV Charging Station 48,Magenta,West Bengal,Kolkata,700772,DC CCS2,10,22;7.2;60;60;75;50;11;75;3.3;3.3,28.44,Dynamic,UPI;Credit Card,06:00-22:00,+913921826945,contact48@example-ev.com,3.8,218,36,Restroom;None;ATM,No,Yes,Office Complex,91.07,Offline
STN0049,Mumbai EV Charging Station 49,Tata Power,Maharashtra,Mumbai,400961,DC CCS2,2,11;7.2,11.54,Dynamic,RFID;UPI;Credit Card,24x7,+916084138229,contact49@example-ev.com,3.8,211,29,Restroom;None;ATM,Yes,Yes,Highway,95.39,Active
STN0050,Ahmedabad EV Charging Station 50,AtherGrid,Gujarat,Ahmedabad,380196,DC CCS2;DC CHAdeMO,8,60;75;100;60;50;60;30;60,21.57,Dynamic,UPI;Credit Card;Wallet,06:00-22:00,+916559018888,contact50@example-ev.com,4.0,736,5,Restroom,Yes,Yes,Metro Station,98.5,Active
STN0051,Chennai EV Charging Station 51,Local Municipal,Tamil Nadu,Chennai,600229,AC Type2;DC CCS2,3,30;7.2;100,16.43,Fixed,UPI;Credit Card;Wallet,08:00-20:00,+910777312619,contact51@example-ev.com,3.1,789,5,Restroom;ATM;Shops,Yes,Yes,Highway,95.14,Active
STN0052,Bengaluru EV Charging Station 52,Fortum,Karnataka,Bengaluru,560856,AC Type2,4,22;11;22;3.3,24.39,Dynamic,RFID;UPI;Credit Card,06:00-22:00,+910053067565,contact52@example-ev.com,3.8,525,7,Shops,No,No,Office Complex,93.77,Active
STN0053,Hyderabad EV Charging Station 53,AtherGrid,Telangana,Hyderabad,500526,AC Type2,4,7.2;7.2;7.2;7.2,23.41,Dynamic,RFID;UPI;Credit Card,08:00-20:00,+915370850416,contact53@example-ev.com,3.6,408,21,Restroom,Yes,No,Industrial Area,95.89,Under Maintenance
STN0054,Bengaluru EV Charging Station 54,Fortum,Karnataka,Bengaluru,560159,DC CHAdeMO,6,350;11;3.3;100;50;7.2,25.98,Dynamic,UPI;Credit Card;Wallet,24x7,+910831401243,contact54@example-ev.com,3.8,220,27,Restroom,No,Yes,Mall,94.24,Under Maintenance
STN0055,Chennai EV Charging Station 55,Magenta,Tamil Nadu,Chennai,600020,DC CHAdeMO,8,60;11;7.2;11;350;50;3.3;100,32.77,Fixed,UPI;Credit Card;Wallet,06:00-22:00,+916606316428,contact55@example-ev.com,4.3,443,7,None,No,Yes,Industrial Area,90.27,Active
STN0056,Pune EV Charging Station 56,AtherGrid,Maharashtra,Pune,411412,DC CHAdeMO,4,22;11;3.3;250,27.67,Fixed,RFID;UPI,08:00-20:00,+917838666679,contact56@example-ev.com,3.8,420,12,ATM;Restroom;None,Yes,Yes,Residential Area,92.18,Active
STN0057,Ahmedabad EV Charging Station 57,Private Operator,Gujarat,Ahmedabad,380422,AC Type2,10,11;22;3.3;11;11;3.3;3.3;7.2;3.3;7.2,25.27,Fixed,RFID;UPI;Credit Card,06:00-22:00,+913996847058,contact57@example-ev.com,4.6,95,33,ATM,Yes,No,Highway,92.47,Active
STN0058,Ahmedabad EV Charging Station 58,Magenta,Gujarat,Ahmedabad,380954,DC CHAdeMO,6,30;100;100;350;30;50,13.33,Dynamic,UPI;Credit Card,06:00-22:00,+914221545220,contact58@example-ev.com,3.6,557,2,None;Shops,No,Yes,Airport,91.4,Under Maintenance
STN0059,Kolkata EV Charging Station 59,AtherGrid,West Bengal,Kolkata,700263,AC Type2;DC CHAdeMO,3,150;75;3.3,11.67,Dynamic,UPI;Credit Card;Wallet,24x7,+914127397525,contact59@example-ev.com,4.9,496,12,None;ATM;Restroom,No,Yes,Mall,96.91,Active
STN0060,Kolkata EV Charging Station 60,Tata Power,West Bengal,Kolkata,700039,AC Type2;DC CHAdeMO,3,50;50;11,17.02,Fixed,UPI;Credit Card,24x7,+919251671616,contact60@example-ev.com,4.8,241,39,Shops;Waiting Area;Restroom,Yes,Yes,Highway,91.83,Active
STN0061,Hyderabad EV Charging Station 61,Magenta,Telangana,Hyderabad,500734,DC CCS2;DC CHAdeMO,4,350;3.3;50;30,29.82,Fixed,UPI;Credit Card,08:00-20:00,+919718077503,contact61@example-ev.com,3.6,635,37,Waiting Area;None,No,Yes,Industrial Area,96.49,Active
STN0062,Mumbai EV Charging Station 62,Private Operator,Maharashtra,Mumbai,400182,DC CHAdeMO,2,350;100,13.94,Fixed,UPI;Credit Card;Wallet,08:00-20:00,+918270598770,contact62@example-ev.com,4.4,694,7,Cafe,No,Yes,Office Complex,97.29,Active
STN0063,Kolkata EV Charging Station 63,Local Municipal,West Bengal,Kolkata,700785,DC CCS2;DC CHAdeMO,2,100;250,9.0,Dynamic,UPI;Credit Card;Wallet,24x7,+913282915094,contact63@example-ev.com,3.1,687,38,Shops;Cafe;None,No,Yes,Office Complex,91.12,Active
STN0064,Chennai EV Charging Station 64,Local Municipal,Tamil Nadu,Chennai,600543,AC Type2;DC CCS2,10,75;350;50;250;350;11;3.3;150;11;7.2,25.43,Dynamic,UPI;Credit Card;Wallet,08:00-20:00,+913711779822,contact64@example-ev.com,3.2,99,16,None;Cafe;ATM,No,Yes,Airport,91.01,Active
STN0065,Kolkata EV Charging Station 65,AtherGrid,West Bengal,Kolkata,700118,DC CCS2;DC CHAdeMO,4,50;3.3;350;350,24.48,Fixed,UPI;Credit Card,24x7,+914478209724,contact65@example-ev.com,3.8,887,15,Shops,Yes,Yes,Mall,91.7,Active
STN0066,Pune EV Charging Station 66,Local Municipal,Maharashtra,Pune,411386,DC CCS2;DC CHAdeMO,10,7.2;250;150;22;3.3;11;60;30;50;100,11.98,Dynamic,UPI;Credit Card;Wallet,24x7,+915689067948,contact66@example-ev.com,4.0,471,35,None;ATM;Shops,Yes,Yes,Mall,98.33,Active
STN0067,Pune EV Charging Station 67,Tata Power,Maharashtra,Pune,411195,AC Type2,6,11;11;22;7.2;7.2;3.3,22.15,Fixed,UPI;Credit Card;Wallet,08:00-20:00,+916608821229,contact67@example-ev.com,4.2,327,28,Restroom;ATM;Shops,Yes,No,Highway,92.98,Active
STN0068,Kolkata EV Charging Station 68,Private Operator,West Bengal,Kolkata,700640,AC Type2;DC CCS2,6,50;75;75;250;100;3.3,26.87,Fixed,UPI;Credit Card,06:00-22:00,+914228024132,contact68@example-ev.com,3.8,824,26,Restroom;Cafe,No,Yes,Office Complex,99.08,Active
STN0069,New Delhi EV Charging Station 69,Local Municipal,Delhi,New Delhi,110946,DC CHAdeMO,3,60;22;3.3,27.68,Fixed,UPI;Credit Card,24x7,+912412202511,contact69@example-ev.com,4.2,84,2,ATM;Waiting Area;Shops,No,Yes,Mall,90.62,Offline
STN0070,Mumbai EV Charging Station 70,Local Municipal,Maharashtra,Mumbai,400448,DC CCS2;DC CHAdeMO,3,60;60;250,24.97,Dynamic,UPI;Credit Card;Wallet,08:00-20:00,+916367663233,contact70@example-ev.com,3.4,952,11,Shops;Waiting Area,Yes,Yes,Office Complex,91.04,Under Maintenance
STN0071,Pune EV Charging Station 71,Tata Power,Maharashtra,Pune,411315,AC Type2,4,3.3;22;11;7.2,14.18,Fixed,RFID;UPI,08:00-20:00,+911803569855,contact71@example-ev.com,4.9,516,37,Waiting Area;Restroom;ATM,No,No,Residential Area,90.95,Active
STN0072,Mumbai EV Charging Station 72,Private Operator,Maharashtra,Mumbai,400369,AC Type2;DC CCS2,6,11;30;7.2;75;50;100,18.25,Fixed,UPI;Credit Card;Wallet,08:00-20:00,+914855483720,contact72@example-ev.com,4.5,377,39,Cafe,No,Yes,Highway,93.71,Active
STN0073,Bengaluru EV Charging Station 73,Local Municipal,Karnataka,Bengaluru,560108,DC CCS2;DC CHAdeMO,8,100;250;3.3;3.3;100;250;100;7.2,11.58,Fixed,UPI;Credit Card;Wallet,06:00-22:00,+910103527261,contact73@example-ev.com,3.6,483,24,Cafe;Waiting Area,Yes,Yes,Residential Area,92.11,Active
STN0074,New Delhi EV Charging Station 74,Local Municipal,Delhi,New Delhi,110855,DC CHAdeMO,6,3.3;150;350;7.2;11;22,27.74,Fixed,UPI;Credit Card,08:00-20:00,+918329847129,contact74@example-ev.com,4.4,27,36,Waiting Area;Shops,No,Yes,Highway,97.17,Active
STN0075,Kolkata EV Charging Station 75,Fortum,West Bengal,Kolkata,700736,AC Type2;DC CCS2,6,22;22;11;50;7.2;250,32.78,Fixed,UPI;Credit Card,06:00-22:00,+911890750290,contact75@example-ev.com,3.5,817,39,ATM;None,No,Yes,Office Complex,90.41,Under Maintenance
STN0076,New Delhi EV Charging Station 76,Local Municipal,Delhi,New Delhi,110402,AC Type2;DC CCS2,8,100;22;11;60;7.2;30;250;11,30.94,Dynamic,RFID;UPI;Credit Card,24x7,+913770439555,contact76@example-ev.com,3.3,428,15,ATM;Restroom;None,No,Yes,Office Complex,96.9,Active
STN0077,Ahmedabad EV Charging Station 77,Magenta,Gujarat,Ahmedabad,380641,DC CCS2,4,150;100;60;11,22.33,Fixed,UPI;Credit Card,06:00-22:00,+910041137873,contact77@example-ev.com,3.3,743,8,Cafe,No,Yes,Airport,94.96,Active
STN0078,Ahmedabad EV Charging Station 78,Magenta,Gujarat,Ahmedabad,380261,AC Type2,4,7.2;3.3;7.2;3.3,17.17,Fixed,UPI;Credit Card,06:00-22:00,+919357810605,contact78@example-ev.com,3.0,426,16,ATM;Waiting Area,Yes,No,Industrial Area,90.03,Active
STN0079,Pune EV Charging Station 79,Magenta,Maharashtra,Pune,411794,DC CHAdeMO,10,7.2;11;75;30;11;350;250;75;350;3.3,34.76,Fixed,RFID;UPI,06:00-22:00,+914203784446,contact79@example-ev.com,4.5,38,33,Cafe,Yes,Yes,Mall,96.15,Active
STN0080,Chennai EV Charging Station 80,Tata Power,Tamil Nadu,Chennai,600807,DC CCS2;DC CHAdeMO,4,7.2;50;7.2;7.2,26.72,Fixed,RFID;UPI;Credit Card,24x7,+913820191644,contact80@example-ev.com,3.0,723,20,ATM,Yes,Yes,Highway,91.77,Active
STN0081,Chennai EV Charging Station 81,Fortum,Tamil Nadu,Chennai,600581,DC CCS2,3,11;60;75,28.6,Fixed,UPI;Credit Card,08:00-20:00,+915428934657,contact81@example-ev.com,4.8,341,3,Shops;ATM;Restroom,No,Yes,Airport,91.83,Active
STN0082,Hyderabad EV Charging Station 82,EVgoIndia,Telangana,Hyderabad,500056,DC CCS2,6,3.3;11;60;11;22;3.3,13.85,Fixed,RFID;UPI,08:00-20:00,+913545555726,contact82@example-ev.com,4.6,682,22,Restroom;Waiting Area,No,Yes,Highway,94.11,Active
STN0083,Ahmedabad EV Charging Station 83,EVgoIndia,Gujarat,Ahmedabad,380747,AC Type2;DC CCS2,10,350;250;3.3;30;22;350;7.2;60;22;7.2,12.47,Fixed,RFID;UPI,08:00-20:00,+918793648498,contact83@example-ev.com,3.5,747,31,ATM;None,Yes,Yes,Metro Station,92.49,Active
STN0084,Hyderabad EV Charging Station 84,AtherGrid,Telangana,Hyderabad,500707,DC CCS2,8,3.3;3.3;50;30;30;50;7.2;100,18.25,Dynamic,RFID;UPI,06:00-22:00,+910783057120,contact84@example-ev.com,3.2,766,36,ATM;Cafe;Waiting Area,No,Yes,Office Complex,97.83,Under Maintenance
STN0085,Bengaluru EV Charging Station 85,AtherGrid,Karnataka,Bengaluru,560766,AC Type2,2,22;11,19.4,Fixed,UPI;Credit Card;Wallet,06:00-22:00,+911221376404,contact85@example-ev.com,4.2,162,39,Restroom,No,No,Industrial Area,96.06,Active
STN0086,Kolkata EV Charging Station 86,Tata Power,West Bengal,Kolkata,700572,DC CHAdeMO,10,11;75;75;350;75;350;11;7.2;7.2;11,23.91,Dynamic,UPI;Credit Card;Wallet,24x7,+917659997407,contact86@example-ev.com,4.7,876,25,Waiting Area,Yes,Yes,Residential Area,95.88,Active
STN0087,Pune EV Charging Station 87,Magenta,Maharashtra,Pune,411831,AC Type2;DC CHAdeMO,8,100;350;100;7.2;60;3.3;3.3;350,8.21,Fixed,UPI;Credit Card,24x7,+916941738493,contact87@example-ev.com,4.3,301,30,None;Waiting Area,Yes,Yes,Office Complex,97.7,Active
STN0088,Bengaluru EV Charging Station 88,Tata Power,Karnataka,Bengaluru,560382,AC Type2;DC CHAdeMO,10,50;75;150;250;150;350;22;150;11;350,30.17,Fixed,RFID;UPI,24x7,+914255915045,contact88@example-ev.com,3.2,99,10,Restroom,No,Yes,Metro Station,92.3,Active
STN0089,Mumbai EV Charging Station 89,Magenta,Maharashtra,Mumbai,400167,AC Type2;DC CHAdeMO,6,22;3.3;7.2;30;60;30,12.17,Dynamic,UPI;Credit Card;Wallet,06:00-22:00,+910479200490,contact89@example-ev.com,4.2,797,35,Shops;Restroom;None,No,Yes,Mall,91.76,Active
STN0090,Ahmedabad EV Charging Station 90,Local Municipal,Gujarat,Ahmedabad,380575,DC CHAdeMO,4,150;7.2;7.2;11,33.79,Fixed,UPI;Credit Card,08:00-20:00,+913733763151,contact90@example-ev.com,3.6,927,6,Cafe,No,Yes,Mall,96.12,Offline
STN0091,Bengaluru EV Charging Station 91,Local Municipal,Karnataka,Bengaluru,560069,AC Type2;DC CHAdeMO,8,60;11;75;100;100;250;3.3;60,18.5,Dynamic,UPI;Credit Card,08:00-20:00,+913804725065,contact91@example-ev.com,4.6,716,24,Waiting Area,Yes,Yes,Airport,94.0,Active
STN0092,Kolkata EV Charging Station 92,Magenta,West Bengal,Kolkata,700772,AC Type2;DC CHAdeMO,3,50;150;22,21.19,Dynamic,RFID;UPI,06:00-22:00,+917717132047,contact92@example-ev.com,3.6,648,29,Waiting Area,No,Yes,Industrial Area,96.73,Active
STN0093,Bengaluru EV Charging Station 93,EVgoIndia,Karnataka,Bengaluru,560862,AC Type2;DC CHAdeMO,10,7.2;7.2;50;11;350;7.2;3.3;50;11;22,9.68,Dynamic,UPI;Credit Card;Wallet,08:00-20:00,+918896704046,contact93@example-ev.com,4.7,81,3,Shops;ATM,No,Yes,Office Complex,96.83,Active
STN0094,Hyderabad EV Charging Station 94,Local Municipal,Telangana,Hyderabad,500136,AC Type2;DC CHAdeMO,8,100;11;100;350;11;150;50;30,34.42,Dynamic,RFID;UPI;Credit Card,24x7,+913558088910,contact94@example-ev.com,4.9,967,17,Restroom;Shops;ATM,No,Yes,Industrial Area,99.83,Active
STN0095,Hyderabad EV Charging Station 95,AtherGrid,Telangana,Hyderabad,500872,DC CCS2;DC CHAdeMO,2,75;100,25.16,Dynamic,RFID;UPI,08:00-20:00,+917204086673,contact95@example-ev.com,4.6,309,13,Cafe;None;ATM,Yes,Yes,Mall,99.58,Active
STN0096,Pune EV Charging Station 96,Tata Power,Maharashtra,Pune,411675,DC CCS2;DC CHAdeMO,3,30;60;3.3,30.75,Dynamic,RFID;UPI;Credit Card,24x7,+917588400217,contact96@example-ev.com,3.5,402,13,Restroom;None,Yes,Yes,Airport,95.53,Active
STN0097,Hyderabad EV Charging Station 97,Tata Power,Telangana,Hyderabad,500487,DC CCS2,8,22;100;11;60;11;60;250;350,11.18,Fixed,RFID;UPI,08:00-20:00,+917458270191,contact97@example-ev.com,4.1,705,37,Waiting Area;None;Cafe,No,Yes,Office Complex,94.95,Active
STN0098,Chennai EV Charging Station 98,Tata Power,Tamil Nadu,Chennai,600970,AC Type2,4,3.3;11;3.3;7.2,34.35,Fixed,UPI;Credit Card,08:00-20:00,+915071520457,contact98@example-ev.com,4.9,951,2,Restroom,Yes,No,Metro Station,96.36,Active
STN0099,Bengaluru EV Charging Station 99,Tata Power,Karnataka,Bengaluru,560775,AC Type2;DC CCS2,8,60;100;75;60;350;100;100;350,17.15,Fixed,RFID;UPI;Credit Card,24x7,+919774030361,contact99@example-ev.com,4.5,876,29,Waiting Area;Shops;Cafe,No,Yes,Metro Station,94.68,Active
STN0100,Ahmedabad EV Charging Station 100,EVgoIndia,Gujarat,Ahmedabad,380665,DC CCS2;DC CHAdeMO,3,100;3.3;3.3,17.06,Fixed,RFID;UPI,24x7,+919099330987,contact100@example-ev.com,4.6,140,37,Cafe;Waiting Area,Yes,Yes,Airport,91.07,Active
STN0101,New Delhi EV Charging Station 101,EVgoIndia,Delhi,New Delhi,110490,AC Type2;DC CCS2,2,11;250,17.35,Dynamic,RFID;UPI;Credit Card,06:00-22:00,+913430820222,contact101@example-ev.com,3.6,133,17,Cafe;None;Restroom,Yes,Yes,Highway,90.22,Offline
STN0102,Kolkata EV Charging Station 102,Tata Power,West Bengal,Kolkata,700447,DC CCS2;DC CHAdeMO,3,22;50;75,23.42,Fixed,RFID;UPI;Credit Card,08:00-20:00,+919270001711,contact102@example-ev.com,4.1,536,38,Cafe;Shops,Yes,Yes,Airport,96.98,Active
STN0103,Pune EV Charging Station 103,Tata Power,Maharashtra,Pune,411068,DC CCS2,4,60;11;50;150,27.82,Fixed,RFID;UPI,24x7,+918039931434,contact103@example-ev.com,3.0,624,25,None;Cafe,No,Yes,Office Complex,90.99,Active
STN0104,Pune EV Charging Station 104,EVgoIndia,Maharashtra,Pune,411299,DC CCS2;DC CHAdeMO,8,150;7.2;50;11;75;3.3;11;11,18.38,Dynamic,RFID;UPI;Credit Card,08:00-20:00,+912304566480,contact104@example-ev.com,3.6,466,35,Restroom;Cafe,Yes,Yes,Highway,94.18,Active
STN0105,Ahmedabad EV Charging Station 105,Private Operator,Gujarat,Ahmedabad,380628,DC CCS2,6,50;30;75;11;75;150,33.9,Fixed,UPI;Credit Card,24x7,+912146300157,contact105@example-ev.com,4.8,216,36,Shops;None;ATM,Yes,Yes,Metro Station,93.32,Active
STN0106,Bengaluru EV Charging Station 106,Local Municipal,Karnataka,Bengaluru,560342,AC Type2;DC CHAdeMO,10,11;3.3;250;22;3.3;30;22;60;7.2;30,21.49,Dynamic,UPI;Credit Card,08:00-20:00,+912150837980,contact106@example-ev.com,3.6,28,31,Waiting Area,Yes,Yes,Mall,98.32,Offline
STN0107,Bengaluru EV Charging Station 107,Private Operator,Karnataka,Bengaluru,560977,DC CHAdeMO,6,250;30;60;7.2;250;3.3,33.2,Dynamic,RFID;UPI,06:00-22:00,+918992944736,contact107@example-ev.com,3.5,209,6,Restroom;Waiting Area;ATM,No,Yes,Metro Station,91.64,Under Maintenance
STN0108,Hyderabad EV Charging Station 108,Local Municipal,Telangana,Hyderabad,500865,DC CHAdeMO,3,22;50;30,27.83,Dynamic,RFID;UPI,24x7,+916528954537,contact108@example-ev.com,3.6,200,36,Restroom;ATM;Cafe,Yes,Yes,Airport,91.04,Under Maintenance
STN0109,Ahmedabad EV Charging Station 109,EVgoIndia,Gujarat,Ahmedabad,380177,AC Type2,2,7.2;11,28.55,Fixed,RFID;UPI;Credit Card,08:00-20:00,+916066433117,contact109@example-ev.com,3.4,158,22,None,Yes,No,Industrial Area,97.83,Active
STN0110,Pune EV Charging Station 110,EVgoIndia,Maharashtra,Pune,411557,AC Type2,8,22;22;3.3;11;7.2;3.3;3.3;3.3,29.74,Fixed,UPI;Credit Card,24x7,+919055438688,contact110@example-ev.com,3.7,0,38,Cafe,No,No,Mall,98.17,Active
STN0111,Chennai EV Charging Station 111,EVgoIndia,Tamil Nadu,Chennai,600674,DC CHAdeMO,2,60;75,34.87,Fixed,UPI;Credit Card,24x7,+917458600467,contact111@example-ev.com,4.8,590,39,Shops;Waiting Area;Restroom,Yes,Yes,Highway,98.66,Under Maintenance
STN0112,Chennai EV Charging Station 112,Magenta,Tamil Nadu,Chennai,600336,AC Type2;DC CHAdeMO,4,60;3.3;22;50,33.23,Dynamic,RFID;UPI,08:00-20:00,+918325998752,contact112@example-ev.com,3.3,173,13,Cafe,Yes,Yes,Highway,92.32,Active
STN0113,Bengaluru EV Charging Station 113,Local Municipal,Karnataka,Bengaluru,560900,AC Type2;DC CCS2,4,350;22;50;100,26.97,Fixed,RFID;UPI,08:00-20:00,+915010894647,contact113@example-ev.com,4.7,802,35,Waiting Area;None,No,Yes,Highway,95.59,Active
STN0114,Pune EV Charging Station 114,AtherGrid,Maharashtra,Pune,411336,DC CHAdeMO,4,250;350;60;30,20.71,Fixed,UPI;Credit Card;Wallet,08:00-20:00,+918177489535,contact114@example-ev.com,3.8,312,22,Restroom,Yes,Yes,Metro Station,96.61,Active
STN0115,Chennai EV Charging Station 115,Magenta,Tamil Nadu,Chennai,600233,AC Type2;DC CHAdeMO,8,50;350;11;11;11;3.3;75;11,24.61,Fixed,UPI;Credit Card;Wallet,24x7,+913403825072,contact115@example-ev.com,4.9,747,18,Cafe;ATM;None,Yes,Yes,Metro Station,93.24,Active
STN0116,Kolkata EV Charging Station 116,Local Municipal,West Bengal,Kolkata,700645,DC CCS2,10,60;75;150;150;350;100;7.2;50;75;250,30.01,Dynamic,RFID;UPI;Credit Card,24x7,+913859997195,contact116@example-ev.com,4.4,832,24,Restroom,No,Yes,Office Complex,97.91,Active
STN0117,New Delhi EV Charging Station 117,Magenta,Delhi,New Delhi,110831,DC CHAdeMO,2,7.2;7.2,33.42,Dynamic,RFID;UPI,06:00-22:00,+914924595667,contact117@example-ev.com,4.8,348,12,Cafe;None;Waiting Area,Yes,Yes,Residential Area,98.01,Active
STN0118,Hyderabad EV Charging Station 118,AtherGrid,Telangana,Hyderabad,500564,AC Type2;DC CHAdeMO,2,150;22,25.43,Fixed,RFID;UPI;Credit Card,24x7,+913593181920,contact118@example-ev.com,3.2,484,22,Shops;Cafe;Waiting Area,No,Yes,Metro Station,95.34,Offline
STN0119,New Delhi EV Charging Station 119,Tata Power,Delhi,New Delhi,110457,AC Type2;DC CCS2,4,7.2;50;22;22,16.95,Dynamic,RFID;UPI,24x7,+911706319138,contact119@example-ev.com,3.6,237,16,Restroom;Cafe,No,Yes,Highway,99.88,Active
STN0120,Kolkata EV Charging Station 120,EVgoIndia,West Bengal,Kolkata,700188,AC Type2;DC CHAdeMO,6,75;250;250;150;60;22,10.27,Fixed,RFID;UPI,08:00-20:00,+912991236603,contact120@example-ev.com,3.5,973,20,Restroom,No,Yes,Metro Station,91.11,Offline
STN0121,Pune EV Charging Station 121,EVgoIndia,Maharashtra,Pune,411259,AC Type2;DC CHAdeMO,6,22;60;30;60;3.3;3.3,17.08,Fixed,UPI;Credit Card,08:00-20:00,+917066677260,contact121@example-ev.com,4.3,706,30,None;ATM,Yes,Yes,Mall,92.75,Active
STN0122,Bengaluru EV Charging Station 122,AtherGrid,Karnataka,Bengaluru,560581,DC CCS2,2,22;50,24.55,Fixed,UPI;Credit Card;Wallet,08:00-20:00,+917760756002,contact122@example-ev.com,4.2,204,4,Shops;Cafe,No,Yes,Mall,91.73,Active
STN0123,Chennai EV Charging Station 123,EVgoIndia,Tamil Nadu,Chennai,600602,AC Type2;DC CHAdeMO,6,100;11;3.3;150;250;50,8.14,Fixed,RFID;UPI,24x7,+915627866429,contact123@example-ev.com,3.2,697,14,None;Shops;ATM,No,Yes,Residential Area,91.88,Active
STN0124,Kolkata EV Charging Station 124,Tata Power,West Bengal,Kolkata,700538,AC Type2;DC CCS2,4,11;3.3;60;250,32.95,Dynamic,RFID;UPI;Credit Card,06:00-22:00,+911298157580,contact124@example-ev.com,3.3,583,6,Restroom;None;ATM,Yes,Yes,Mall,91.47,Active
STN0125,Bengaluru EV Charging Station 125,Magenta,Karnataka,Bengaluru,560053,DC CCS2,10,150;100;100;11;75;350;11;22;11;22,16.52,Fixed,UPI;Credit Card,06:00-22:00,+913355508956,contact125@example-ev.com,4.7,30,19,None,No,Yes,Office Complex,90.74,Active
STN0126,Mumbai EV Charging Station 126,AtherGrid,Maharashtra,Mumbai,400385,AC Type2;DC CHAdeMO,3,7.2;350;3.3,34.33,Dynamic,RFID;UPI;Credit Card,06:00-22:00,+916144293965,contact126@example-ev.com,3.1,705,33,Restroom;Shops;None,No,Yes,Highway,90.48,Active
STN0127,Chennai EV Charging Station 127,Local Municipal,Tamil Nadu,Chennai,600832,AC Type2;DC CCS2,10,30;50;100;22;22;100;7.2;50;3.3;350,33.18,Dynamic,RFID;UPI;Credit Card,08:00-20:00,+911429849961,contact127@example-ev.com,4.2,256,18,ATM;None,Yes,Yes,Mall,90.28,Active
STN0128,Kolkata EV Charging Station 128,AtherGrid,West Bengal,Kolkata,700259,DC CHAdeMO,6,22;350;11;11;7.2;22,21.56,Fixed,UPI;Credit Card,24x7,+913722003132,contact128@example-ev.com,4.1,831,25,Restroom;Waiting Area;Shops,No,Yes,Residential Area,95.69,Active
STN0129,Chennai EV Charging Station 129,Private Operator,Tamil Nadu,Chennai,600269,DC CHAdeMO,2,150;75,26.84,Dynamic,RFID;UPI,08:00-20:00,+911213047707,contact129@example-ev.com,4.1,260,30,None;ATM;Restroom,No,Yes,Airport,97.41,Active
STN0130,New Delhi EV Charging Station 130,AtherGrid,Delhi,New Delhi,110500,DC CCS2,8,350;75;30;350;22;150;22;22,15.74,Fixed,RFID;UPI;Credit Card,24x7,+913059892859,contact130@example-ev.com,3.7,941,19,Cafe,Yes,Yes,Industrial Area,99.6,Active
STN0131,Bengaluru EV Charging Station 131,Magenta,Karnataka,Bengaluru,560593,DC CCS2;DC CHAdeMO,10,22;3.3;150;350;30;100;11;150;50;3.3,15.24,Dynamic,UPI;Credit Card;Wallet,06:00-22:00,+910169777829,contact131@example-ev.com,4.7,705,8,Waiting Area;None,Yes,Yes,Residential Area,92.07,Active
STN0132,New Delhi EV Charging Station 132,AtherGrid,Delhi,New Delhi,110749,AC Type2;DC CHAdeMO,10,22;350;3.3;50;75;7.2;350;75;75;30,19.31,Fixed,UPI;Credit Card;Wallet,24x7,+911936812245,contact132@example-ev.com,4.3,630,15,None;ATM;Restroom,Yes,Yes,Residential Area,93.61,Under Maintenance
STN0133,New Delhi EV Charging Station 133,Local Municipal,Delhi,New Delhi,110622,DC CHAdeMO,10,7.2;30;60;11;250;150;75;100;50;3.3,31.11,Fixed,UPI;Credit Card;Wallet,06:00-22:00,+914953204090,contact133@example-ev.com,3.8,251,25,None;Shops;Restroom,No,Yes,Airport,90.79,Active
STN0134,Bengaluru EV Charging Station 134,AtherGrid,Karnataka,Bengaluru,560041,DC CCS2,4,100;7.2;50;150,14.05,Fixed,RFID;UPI;Credit Card,24x7,+911959022254,contact134@example-ev.com,4.2,252,24,Cafe,No,Yes,Residential Area,98.67,Active
STN0135,Mumbai EV Charging Station 135,Local Municipal,Maharashtra,Mumbai,400982,AC Type2;DC CCS2,10,150;75;350;3.3;50;11;11;50;3.3;100,26.53,Fixed,UPI;Credit Card;Wallet,24x7,+916977433688,contact135@example-ev.com,3.6,119,21,None;ATM,Yes,Yes,Office Complex,92.52,Active
STN0136,Chennai EV Charging Station 136,Magenta,Tamil Nadu,Chennai,600644,AC Type2,4,22;22;11;3.3,26.01,Fixed,RFID;UPI;Credit Card,06:00-22:00,+919778192776,contact136@example-ev.com,4.8,496,4,None,No,No,Metro Station,91.24,Active
STN0137,Ahmedabad EV Charging Station 137,Magenta,Gujarat,Ahmedabad,380422,DC CCS2;DC CHAdeMO,4,150;350;60;75,14.65,Fixed,RFID;UPI,08:00-20:00,+910933111741,contact137@example-ev.com,3.4,780,12,Restroom;ATM,Yes,Yes,Office Complex,99.56,Active
STN0138,Bengaluru EV Charging Station 138,EVgoIndia,Karnataka,Bengaluru,560914,DC CHAdeMO,10,350;100;3.3;350;7.2;75;60;250;75;60,10.46,Fixed,RFID;UPI;Credit Card,08:00-20:00,+918819932428,contact138@example-ev.com,3.1,838,36,ATM;None,Yes,Yes,Mall,95.18,Active
STN0139,Mumbai EV Charging Station 139,Local Municipal,Maharashtra,Mumbai,400948,DC CCS2;DC CHAdeMO,2,75;150,33.36,Dynamic,UPI;Credit Card,08:00-20:00,+910298198591,contact139@example-ev.com,3.7,631,16,Shops;None;Restroom,No,Yes,Mall,99.61,Active
STN0140,Pune EV Charging Station 140,Private Operator,Maharashtra,Pune,411109,AC Type2;DC CHAdeMO,2,350;150,25.57,Dynamic,RFID;UPI;Credit Card,08:00-20:00,+919005327109,contact140@example-ev.com,3.6,356,36,Waiting Area,Yes,Yes,Airport,91.22,Under Maintenance
STN0141,Mumbai EV Charging Station 141,Magenta,Maharashtra,Mumbai,400774,AC Type2;DC CCS2,10,7.2;11;11;150;11;3.3;60;11;350;7.2,20.91,Dynamic,RFID;UPI;Credit Card,08:00-20:00,+911948311616,contact141@example-ev.com,3.1,864,15,Waiting Area;Cafe;ATM,No,Yes,Highway,97.63,Under Maintenance
STN0142,Bengaluru EV Charging Station 142,Tata Power,Karnataka,Bengaluru,560936,AC Type2;DC CCS2,3,22;250;11,18.5,Dynamic,UPI;Credit Card,08:00-20:00,+915677529933,contact142@example-ev.com,4.1,526,37,ATM;Shops;Cafe,Yes,Yes,Airport,96.22,Offline
STN0143,Mumbai EV Charging Station 143,Private Operator,Maharashtra,Mumbai,400882,AC Type2,6,11;11;22;22;11;7.2,17.08,Fixed,RFID;UPI,24x7,+914603686205,contact143@example-ev.com,3.8,232,39,Shops,No,No,Industrial Area,98.23,Active
STN0144,New Delhi EV Charging Station 144,Local Municipal,Delhi,New Delhi,110437,AC Type2;DC CCS2,6,60;75;3.3;3.3;7.2;50,13.13,Fixed,RFID;UPI;Credit Card,06:00-22:00,+918104796024,contact144@example-ev.com,4.7,677,3,Restroom;Shops,Yes,Yes,Mall,99.29,Active
STN0145,Hyderabad EV Charging Station 145,Magenta,Telangana,Hyderabad,500913,DC CHAdeMO,8,50;22;100;75;350;11;11;11,31.28,Fixed,UPI;Credit Card;Wallet,24x7,+917434935084,contact145@example-ev.com,4.5,702,39,Cafe;Waiting Area,No,Yes,Highway,99.57,Active
STN0146,Hyderabad EV Charging Station 146,Magenta,Telangana,Hyderabad,500816,DC CCS2,8,22;60;22;60;150;22;50;3.3,23.22,Dynamic,UPI;Credit Card;Wallet,08:00-20:00,+919076095553,contact146@example-ev.com,3.4,697,2,Cafe;Waiting Area;ATM,No,Yes,Highway,97.72,Active
STN0147,Kolkata EV Charging Station 147,Private Operator,West Bengal,Kolkata,700278,DC CCS2,2,50;7.2,32.68,Fixed,UPI;Credit Card,08:00-20:00,+917057807894,contact147@example-ev.com,4.7,87,2,Shops,Yes,Yes,Airport,95.3,Active
STN0148,Chennai EV Charging Station 148,Local Municipal,Tamil Nadu,Chennai,600257,DC CCS2;DC CHAdeMO,3,30;100;30,20.38,Dynamic,RFID;UPI,06:00-22:00,+912609402677,contact148@example-ev.com,3.9,276,33,Shops,Yes,Yes,Highway,94.05,Active
STN0149,Pune EV Charging Station 149,EVgoIndia,Maharashtra,Pune,411649,DC CHAdeMO,8,50;11;60;100;150;150;7.2;11,31.13,Fixed,RFID;UPI,06:00-22:00,+918789626199,contact149@example-ev.com,4.7,557,35,Shops;None,No,Yes,Airport,95.5,Active
STN0150,Chennai EV Charging Station 150,AtherGrid,Tamil Nadu,Chennai,600083,AC Type2,4,11;22;3.3;11,19.44,Dynamic,UPI;Credit Card;Wallet,06:00-22:00,+917435027946,contact150@example-ev.com,3.6,678,40,Shops,No,No,Highway,92.91,Active
STN0151,Hyderabad EV Charging Station 151,Fortum,Telangana,Hyderabad,500768,AC Type2;DC CHAdeMO,3,60;50;3.3,16.58,Fixed,RFID;UPI,08:00-20:00,+912856313567,contact151@example-ev.com,4.5,359,24,None;Shops,Yes,Yes,Mall,91.9,Active
STN0152,Chennai EV Charging Station 152,EVgoIndia,Tamil Nadu,Chennai,600668,AC Type2,6,22;22;3.3;11;7.2;3.3,14.77,Fixed,UPI;Credit Card;Wallet,08:00-20:00,+919129837988,contact152@example-ev.com,4.1,41,32,Shops;Restroom;ATM,No,No,Highway,96.06,Active
STN0153,Ahmedabad EV Charging Station 153,Fortum,Gujarat,Ahmedabad,380938,AC Type2,2,3.3;3.3,27.98,Fixed,UPI;Credit Card;Wallet,06:00-22:00,+919370706075,contact153@example-ev.com,4.1,752,39,Restroom,No,No,Airport,94.81,Active
STN0154,Pune EV Charging Station 154,Fortum,Maharashtra,Pune,411937,AC Type2;DC CHAdeMO,4,11;3.3;100;30,21.82,Fixed,UPI;Credit Card,24x7,+913812862296,contact154@example-ev.com,4.0,512,9,Restroom;ATM;Waiting Area,Yes,Yes,Residential Area,98.89,Under Maintenance
STN0155,Ahmedabad EV Charging Station 155,AtherGrid,Gujarat,Ahmedabad,380065,AC Type2,6,22;3.3;7.2;11;3.3;11,18.89,Dynamic,RFID;UPI,06:00-22:00,+916761045085,contact155@example-ev.com,3.1,503,15,Waiting Area,No,No,Mall,96.0,Active
STN0156,Hyderabad EV Charging Station 156,Local Municipal,Telangana,Hyderabad,500450,DC CCS2;DC CHAdeMO,2,250;350,30.65,Dynamic,UPI;Credit Card,24x7,+918821000270,contact156@example-ev.com,3.4,359,20,Restroom;Shops,No,Yes,Residential Area,93.02,Active
STN0157,Kolkata EV Charging Station 157,Tata Power,West Bengal,Kolkata,700502,DC CCS2,6,150;50;50;100;22;250,8.07,Fixed,RFID;UPI,06:00-22:00,+918158423038,contact157@example-ev.com,4.4,804,29,Restroom,Yes,Yes,Industrial Area,96.82,Active
STN0158,Bengaluru EV Charging Station 158,AtherGrid,Karnataka,Bengaluru,560731,AC Type2;DC CCS2,4,3.3;60;100;22,30.95,Dynamic,RFID;UPI;Credit Card,06:00-22:00,+918225995844,contact158@example-ev.com,4.6,619,11,None,No,Yes,Office Complex,95.92,Under Maintenance
STN0159,Hyderabad EV Charging Station 159,Fortum,Telangana,Hyderabad,500738,AC Type2;DC CCS2,4,50;3.3;350;150,24.69,Fixed,UPI;Credit Card,24x7,+910797806808,contact159@example-ev.com,3.3,718,27,Waiting Area;Cafe,Yes,Yes,Airport,90.38,Under Maintenance
STN0160,Mumbai EV Charging Station 160,AtherGrid,Maharashtra,Mumbai,400950,DC CCS2,10,7.2;100;150;22;11;75;350;60;60;100,10.2,Dynamic,RFID;UPI,06:00-22:00,+915106495326,contact160@example-ev.com,3.6,762,31,Shops;None;Cafe,Yes,Yes,Residential Area,90.21,Active
STN0161,Chennai EV Charging Station 161,Private Operator,Tamil Nadu,Chennai,600012,DC CHAdeMO,6,3.3;150;30;3.3;50;250,27.52,Fixed,UPI;Credit Card,24x7,+910351302648,contact161@example-ev.com,3.0,754,7,Cafe;ATM;Waiting Area,No,Yes,Metro Station,93.83,Under Maintenance
STN0162,Bengaluru EV Charging Station 162,Fortum,Karnataka,Bengaluru,560674,AC Type2,4,3.3;22;11;3.3,10.33,Dynamic,UPI;Credit Card;Wallet,08:00-20:00,+915210679355,contact162@example-ev.com,3.1,150,32,ATM,No,No,Highway,90.51,Active
STN0163,Pune EV Charging Station 163,Magenta,Maharashtra,Pune,411631,DC CCS2;DC CHAdeMO,10,22;100;60;3.3;3.3;3.3;50;50;22;3.3,26.81,Fixed,UPI;Credit Card;Wallet,06:00-22:00,+918417585662,contact163@example-ev.com,3.6,343,7,Shops;Waiting Area,Yes,Yes,Highway,99.63,Active
STN0164,Hyderabad EV Charging Station 164,AtherGrid,Telangana,Hyderabad,500164,AC Type2;DC CHAdeMO,3,100;30;7.2,17.05,Dynamic,UPI;Credit Card,08:00-20:00,+918750568753,contact164@example-ev.com,3.8,387,29,Waiting Area;Restroom;Shops,Yes,Yes,Mall,94.75,Under Maintenance
STN0165,Mumbai EV Charging Station 165,Tata Power,Maharashtra,Mumbai,400387,AC Type2,6,22;22;3.3;7.2;11;22,32.02,Fixed,RFID;UPI;Credit Card,08:00-20:00,+914403462949,contact165@example-ev.com,4.3,188,8,ATM;Shops;None,Yes,No,Metro Station,97.18,Under Maintenance
STN0166,Pune EV Charging Station 166,Tata Power,Maharashtra,Pune,411931,DC CHAdeMO,10,250;250;350;7.2;50;60;350;3.3;3.3;150,20.3,Dynamic,UPI;Credit Card,24x7,+915725767919,contact166@example-ev.com,4.3,36,34,Restroom;Cafe,No,Yes,Highway,90.03,Active
STN0167,New Delhi EV Charging Station 167,Fortum,Delhi,New Delhi,110612,AC Type2;DC CHAdeMO,2,150;350,31.85,Dynamic,RFID;UPI,08:00-20:00,+918548004085,contact167@example-ev.com,4.1,948,35,Shops;Cafe;ATM,No,Yes,Airport,98.95,Active
STN0168,New Delhi EV Charging Station 168,Private Operator,Delhi,New Delhi,110273,AC Type2;DC CCS2,3,11;250;3.3,34.98,Fixed,UPI;Credit Card;Wallet,08:00-20:00,+914057376681,contact168@example-ev.com,3.4,579,4,Cafe;Shops;Waiting Area,No,Yes,Residential Area,95.49,Active
STN0169,Mumbai EV Charging Station 169,AtherGrid,Maharashtra,Mumbai,400350,DC CCS2;DC CHAdeMO,10,350;250;50;250;75;30;11;60;350;11,10.98,Fixed,RFID;UPI,08:00-20:00,+914472287557,contact169@example-ev.com,3.2,539,5,Cafe;ATM;None,No,Yes,Metro Station,97.24,Active
STN0170,Hyderabad EV Charging Station 170,Tata Power,Telangana,Hyderabad,500763,AC Type2;DC CCS2,2,50;50,26.39,Fixed,RFID;UPI,08:00-20:00,+911799958289,contact170@example-ev.com,4.5,984,32,Restroom,No,Yes,Airport,97.53,Active
STN0171,New Delhi EV Charging Station 171,Fortum,Delhi,New Delhi,110065,AC Type2;DC CHAdeMO,3,30;7.2;11,13.76,Fixed,UPI;Credit Card,06:00-22:00,+918163876867,contact171@example-ev.com,4.1,536,18,ATM,Yes,Yes,Airport,93.83,Active
STN0172,Bengaluru EV Charging Station 172,Local Municipal,Karnataka,Bengaluru,560274,AC Type2;DC CCS2,8,250;11;75;7.2;30;150;3.3;100,18.63,Fixed,UPI;Credit Card;Wallet,08:00-20:00,+916033901431,contact172@example-ev.com,4.4,390,31,Cafe;ATM;Waiting Area,Yes,Yes,Airport,90.57,Under Maintenance
STN0173,New Delhi EV Charging Station 173,EVgoIndia,Delhi,New Delhi,110335,AC Type2,4,11;3.3;22;3.3,29.34,Fixed,RFID;UPI;Credit Card,24x7,+913789151869,contact173@example-ev.com,4.5,167,40,Restroom;Waiting Area,No,No,Mall,97.21,Under Maintenance
STN0174,Pune EV Charging Station 174,Local Municipal,Maharashtra,Pune,411282,DC CCS2,3,150;30;7.2,23.15,Dynamic,RFID;UPI,24x7,+917469357411,contact174@example-ev.com,4.0,366,6,None,No,Yes,Residential Area,90.23,Active
STN0175,Kolkata EV Charging Station 175,Fortum,West Bengal,Kolkata,700598,AC Type2;DC CCS2,2,250;350,31.3,Dynamic,UPI;Credit Card,24x7,+910564158729,contact175@example-ev.com,3.6,281,35,None;Restroom;Shops,No,Yes,Metro Station,93.53,Active
STN0176,Ahmedabad EV Charging Station 176,EVgoIndia,Gujarat,Ahmedabad,380759,AC Type2;DC CHAdeMO,2,7.2;75,33.9,Dynamic,RFID;UPI;Credit Card,08:00-20:00,+917997194245,contact176@example-ev.com,3.2,7,27,ATM,Yes,Yes,Office Complex,95.67,Active
STN0177,New Delhi EV Charging Station 177,Tata Power,Delhi,New Delhi,110642,DC CCS2,6,11;22;30;60;50;150,13.95,Fixed,RFID;UPI;Credit Card,08:00-20:00,+913746572527,contact177@example-ev.com,3.7,352,33,Shops;Restroom,No,Yes,Metro Station,90.5,Active
STN0178,Bengaluru EV Charging Station 178,Tata Power,Karnataka,Bengaluru,560941,AC Type2;DC CCS2,6,350;7.2;75;7.2;150;250,8.07,Dynamic,UPI;Credit Card,24x7,+915615184462,contact178@example-ev.com,3.9,954,14,ATM,No,Yes,Residential Area,99.69,Active
STN0179,Mumbai EV Charging Station 179,Magenta,Maharashtra,Mumbai,400761,AC Type2,8,3.3;11;7.2;3.3;3.3;22;22;11,13.39,Dynamic,UPI;Credit Card,08:00-20:00,+918875076478,contact179@example-ev.com,3.6,776,32,Shops,Yes,No,Residential Area,97.0,Under Maintenance
STN0180,Mumbai EV Charging Station 180,Fortum,Maharashtra,Mumbai,400133,DC CHAdeMO,3,250;7.2;250,25.12,Fixed,UPI;Credit Card;Wallet,24x7,+916220807435,contact180@example-ev.com,4.9,569,15,ATM;Shops;Restroom,Yes,Yes,Residential Area,94.05,Active
STN0181,Kolkata EV Charging Station 181,Local Municipal,West Bengal,Kolkata,700853,AC Type2;DC CCS2,4,3.3;11;75;50,34.61,Dynamic,UPI;Credit Card,06:00-22:00,+917302799256,contact181@example-ev.com,3.5,388,5,Cafe;Waiting Area,Yes,Yes,Residential Area,99.36,Active
STN0182,Mumbai EV Charging Station 182,Private Operator,Maharashtra,Mumbai,400338,AC Type2;DC CHAdeMO,3,50;11;50,21.42,Fixed,UPI;Credit Card,06:00-22:00,+918604312811,contact182@example-ev.com,3.2,253,30,None;Waiting Area,Yes,Yes,Industrial Area,96.26,Active
STN0183,Hyderabad EV Charging Station 183,Fortum,Telangana,Hyderabad,500871,DC CCS2;DC CHAdeMO,4,3.3;350;7.2;3.3,15.19,Dynamic,UPI;Credit Card,24x7,+910270732562,contact183@example-ev.com,4.4,502,26,None;Cafe,Yes,Yes,Industrial Area,92.35,Active
STN0184,Hyderabad EV Charging Station 184,EVgoIndia,Telangana,Hyderabad,500046,DC CHAdeMO,2,22;30,8.05,Fixed,UPI;Credit Card;Wallet,08:00-20:00,+910884492118,contact184@example-ev.com,4.4,946,18,Waiting Area;Cafe;Restroom,No,Yes,Industrial Area,95.41,Active
STN0185,Mumbai EV Charging Station 185,Fortum,Maharashtra,Mumbai,400959,AC Type2;DC CHAdeMO,10,50;30;11;3.3;3.3;100;11;75;50;22,12.51,Fixed,UPI;Credit Card;Wallet,06:00-22:00,+916203995123,contact185@example-ev.com,4.5,493,3,Restroom,No,Yes,Metro Station,95.94,Active
STN0186,Hyderabad EV Charging Station 186,Local Municipal,Telangana,Hyderabad,500594,AC Type2;DC CHAdeMO,6,350;150;30;11;100;75,8.04,Dynamic,RFID;UPI;Credit Card,08:00-20:00,+912872266716,contact186@example-ev.com,4.9,808,2,None;Restroom;Shops,Yes,Yes,Office Complex,95.56,Active
STN0187,New Delhi EV Charging Station 187,Tata Power,Delhi,New Delhi,110138,AC Type2;DC CCS2,2,50;100,11.99,Fixed,RFID;UPI,06:00-22:00,+911207835281,contact187@example-ev.com,3.8,845,16,Restroom,No,Yes,Residential Area,99.11,Active
STN0188,Mumbai EV Charging Station 188,Private Operator,Maharashtra,Mumbai,400419,DC CHAdeMO,8,3.3;11;150;60;60;250;250;100,34.42,Dynamic,RFID;UPI;Credit Card,06:00-22:00,+912451726259,contact188@example-ev.com,3.3,796,11,None;Shops;Waiting Area,No,Yes,Residential Area,99.65,Active
STN0189,Ahmedabad EV Charging Station 189,Fortum,Gujarat,Ahmedabad,380181,AC Type2;DC CHAdeMO,10,50;3.3;250;22;22;22;250;60;75;50,34.65,Fixed,UPI;Credit Card;Wallet,06:00-22:00,+916402660126,contact189@example-ev.com,3.5,185,27,Shops,Yes,Yes,Highway,97.34,Active
STN0190,Mumbai EV Charging Station 190,Fortum,Maharashtra,Mumbai,400613,DC CHAdeMO,6,7.2;75;3.3;350;100;60,20.09,Dynamic,UPI;Credit Card,06:00-22:00,+910347096586,contact190@example-ev.com,3.1,235,28,None,No,Yes,Industrial Area,93.31,Active
STN0191,Mumbai EV Charging Station 191,Fortum,Maharashtra,Mumbai,400352,AC Type2;DC CCS2,3,3.3;75;150,16.49,Fixed,UPI;Credit Card;Wallet,08:00-20:00,+919846040352,contact191@example-ev.com,3.4,386,26,ATM,No,Yes,Industrial Area,91.87,Active
STN0192,Pune EV Charging Station 192,Local Municipal,Maharashtra,Pune,411010,AC Type2,3,22;3.3;11,29.78,Dynamic,UPI;Credit Card,06:00-22:00,+916167217923,contact192@example-ev.com,3.2,391,25,Cafe;None,No,No,Highway,91.93,Active
STN0193,Pune EV Charging Station 193,Fortum,Maharashtra,Pune,411578,DC CCS2;DC CHAdeMO,4,11;60;150;250,31.08,Dynamic,UPI;Credit Card,24x7,+912771578140,contact193@example-ev.com,4.4,612,7,ATM;Waiting Area,No,Yes,Office Complex,92.56,Under Maintenance
STN0194,Ahmedabad EV Charging Station 194,EVgoIndia,Gujarat,Ahmedabad,380829,DC CCS2;DC CHAdeMO,2,30;100,30.53,Fixed,RFID;UPI;Credit Card,06:00-22:00,+916097466303,contact194@example-ev.com,3.2,892,21,Waiting Area;Shops,Yes,Yes,Residential Area,98.33,Active
STN0195,Mumbai EV Charging Station 195,AtherGrid,Maharashtra,Mumbai,400480,AC Type2;DC CHAdeMO,10,3.3;250;150;250;7.2;22;22;250;22;350,33.25,Dynamic,RFID;UPI;Credit Card,08:00-20:00,+918905469913,contact195@example-ev.com,4.6,579,37,Shops,Yes,Yes,Industrial Area,97.9,Active
STN0196,Kolkata EV Charging Station 196,Private Operator,West Bengal,Kolkata,700111,AC Type2;DC CCS2,6,50;100;75;100;3.3;30,24.71,Dynamic,UPI;Credit Card,06:00-22:00,+916443569395,contact196@example-ev.com,3.1,473,24,Shops;Restroom,No,Yes,Metro Station,95.53,Active
STN0197,Kolkata EV Charging Station 197,Magenta,West Bengal,Kolkata,700953,AC Type2;DC CHAdeMO,4,50;75;150;22,9.46,Fixed,RFID;UPI;Credit Card,08:00-20:00,+911731571933,contact197@example-ev.com,3.5,541,24,None,No,Yes,Highway,96.14,Active
STN0198,Bengaluru EV Charging Station 198,AtherGrid,Karnataka,Bengaluru,560583,AC Type2;DC CCS2,4,22;3.3;350;3.3,8.74,Dynamic,RFID;UPI,24x7,+915276861822,contact198@example-ev.com,3.5,951,18,Shops;Waiting Area,No,Yes,Mall,95.6,Active
STN0199,New Delhi EV Charging Station 199,Tata Power,Delhi,New Delhi,110191,DC CCS2,3,30;50;60,8.05,Fixed,UPI;Credit Card;Wallet,06:00-22:00,+910931818136,contact199@example-ev.com,3.9,105,25,Restroom;Cafe,Yes,Yes,Residential Area,92.67,Under Maintenance
STN0200,Bengaluru EV Charging Station 200,Fortum,Karnataka,Bengaluru,560451,DC CCS2,3,150;22;7.2,10.17,Dynamic,UPI;Credit Card;Wallet,24x7,+911129028035,contact200@example-ev.com,4.1,15,16,None,Yes,Yes,Industrial Area,90.85,Active
STN0201,Hyderabad EV Charging Station 201,Local Municipal,Telangana,Hyderabad,500403,DC CCS2,2,30;150,25.98,Dynamic,UPI;Credit Card,24x7,+915846998842,contact201@example-ev.com,4.2,39,22,Restroom;Waiting Area;Cafe,Yes,Yes,Office Complex,97.78,Under Maintenance
STN0202,Kolkata EV Charging Station 202,Local Municipal,West Bengal,Kolkata,700463,AC Type2;DC CHAdeMO,6,30;150;60;3.3;100;250,14.01,Dynamic,UPI;Credit Card;Wallet,08:00-20:00,+914867692730,contact202@example-ev.com,4.9,413,12,None,No,Yes,Industrial Area,92.21,Active
STN0203,Ahmedabad EV Charging Station 203,Magenta,Gujarat,Ahmedabad,380532,AC Type2;DC CHAdeMO,10,7.2;30;100;100;11;350;250;11;350;150,16.49,Fixed,UPI;Credit Card;Wallet,06:00-22:00,+914796678278,contact203@example-ev.com,3.1,476,36,None;ATM,No,Yes,Highway,97.6,Active
STN0204,Pune EV Charging Station 204,Fortum,Maharashtra,Pune,411209,DC CCS2,2,350;7.2,24.52,Dynamic,UPI;Credit Card;Wallet,08:00-20:00,+916007488360,contact204@example-ev.com,4.5,451,3,Waiting Area;Shops;None,Yes,Yes,Highway,96.71,Active
STN0205,Ahmedabad EV Charging Station 205,Fortum,Gujarat,Ahmedabad,380058,DC CCS2;DC CHAdeMO,6,30;7.2;22;11;30;75,19.24,Dynamic,RFID;UPI,08:00-20:00,+912087504508,contact205@example-ev.com,3.8,895,29,Restroom,Yes,Yes,Office Complex,93.73,Active
STN0206,Hyderabad EV Charging Station 206,Private Operator,Telangana,Hyderabad,500129,AC Type2,10,3.3;7.2;11;22;3.3;11;3.3;22;22;7.2,28.36,Dynamic,UPI;Credit Card,24x7,+917882489273,contact206@example-ev.com,4.0,217,38,None;Cafe,Yes,No,Office Complex,94.05,Active
STN0207,Chennai EV Charging Station 207,Private Operator,Tamil Nadu,Chennai,600527,AC Type2;DC CHAdeMO,6,60;350;11;11;11;3.3,11.62,Dynamic,UPI;Credit Card;Wallet,08:00-20:00,+911463405825,contact207@example-ev.com,3.1,850,16,Restroom;ATM,Yes,Yes,Residential Area,97.91,Active
STN0208,Pune EV Charging Station 208,Tata Power,Maharashtra,Pune,411335,DC CCS2,2,30;7.2,24.89,Fixed,UPI;Credit Card;Wallet,08:00-20:00,+910361106796,contact208@example-ev.com,4.7,184,11,Cafe;Restroom,Yes,Yes,Office Complex,94.28,Active
STN0209,Hyderabad EV Charging Station 209,Tata Power,Telangana,Hyderabad,500417,DC CCS2;DC CHAdeMO,4,3.3;150;7.2;75,9.43,Dynamic,UPI;Credit Card;Wallet,06:00-22:00,+911905282797,contact209@example-ev.com,3.0,264,30,ATM,No,Yes,Metro Station,98.27,Active
STN0210,Hyderabad EV Charging Station 210,Tata Power,Telangana,Hyderabad,500995,AC Type2;DC CCS2,6,11;22;3.3;22;100;250,21.61,Dynamic,UPI;Credit Card,24x7,+918494534765,contact210@example-ev.com,3.9,584,20,Restroom;ATM;Shops,No,Yes,Highway,91.61,Under Maintenance
STN0211,New Delhi EV Charging Station 211,EVgoIndia,Delhi,New Delhi,110754,DC CCS2,8,350;22;11;50;250;7.2;60;11,29.26,Fixed,RFID;UPI;Credit Card,08:00-20:00,+912419570550,contact211@example-ev.com,4.5,722,36,None;Waiting Area;ATM,Yes,Yes,Metro Station,95.71,Active
STN0212,Chennai EV Charging Station 212,EVgoIndia,Tamil Nadu,Chennai,600720,AC Type2;DC CCS2,2,250;100,12.6,Dynamic,UPI;Credit Card,24x7,+914349177585,contact212@example-ev.com,3.7,47,3,Cafe;Waiting Area;None,Yes,Yes,Office Complex,97.39,Active
STN0213,Bengaluru EV Charging Station 213,AtherGrid,Karnataka,Bengaluru,560355,DC CCS2,6,150;30;30;100;75;3.3,8.8,Fixed,RFID;UPI;Credit Card,06:00-22:00,+912159534860,contact213@example-ev.com,4.0,106,37,Cafe;Restroom,No,Yes,Office Complex,99.31,Active
STN0214,Chennai EV Charging Station 214,Fortum,Tamil Nadu,Chennai,600523,DC CHAdeMO,6,150;7.2;50;350;150;22,14.99,Fixed,RFID;UPI;Credit Card,06:00-22:00,+918078969169,contact214@example-ev.com,3.9,140,7,Cafe;None,No,Yes,Airport,91.73,Active
STN0215,Bengaluru EV Charging Station 215,AtherGrid,Karnataka,Bengaluru,560421,AC Type2;DC CCS2,10,100;3.3;30;22;60;75;3.3;100;350;22,30.25,Dynamic,UPI;Credit Card,06:00-22:00,+915519406303,contact215@example-ev.com,3.3,12,21,Waiting Area;Cafe;None,No,Yes,Mall,94.04,Active
STN0216,Mumbai EV Charging Station 216,Tata Power,Maharashtra,Mumbai,400611,AC Type2;DC CCS2,8,75;22;7.2;150;60;22;60;100,26.62,Dynamic,RFID;UPI,06:00-22:00,+917175396382,contact216@example-ev.com,3.4,779,32,Restroom,Yes,Yes,Airport,97.96,Active
STN0217,Kolkata EV Charging Station 217,Fortum,West Bengal,Kolkata,700164,AC Type2;DC CCS2,6,50;75;150;30;3.3;350,28.07,Fixed,UPI;Credit Card,24x7,+918505372886,contact217@example-ev.com,3.2,131,22,Restroom;Shops,No,Yes,Highway,99.13,Offline
STN0218,New Delhi EV Charging Station 218,Magenta,Delhi,New Delhi,110412,DC CCS2;DC CHAdeMO,8,60;30;22;100;350;60;11;22,29.27,Dynamic,UPI;Credit Card;Wallet,06:00-22:00,+912122646120,contact218@example-ev.com,4.5,812,30,Cafe;Waiting Area,No,Yes,Industrial Area,92.86,Under Maintenance
STN0219,Bengaluru EV Charging Station 219,AtherGrid,Karnataka,Bengaluru,560063,AC Type2;DC CHAdeMO,4,7.2;75;50;50,10.74,Fixed,UPI;Credit Card,06:00-22:00,+915032804871,contact219@example-ev.com,3.9,384,17,ATM;Cafe;Waiting Area,No,Yes,Mall,97.51,Active
STN0220,Bengaluru EV Charging Station 220,Fortum,Karnataka,Bengaluru,560726,AC Type2;DC CHAdeMO,4,50;7.2;22;30,29.9,Dynamic,UPI;Credit Card,08:00-20:00,+912636014746,contact220@example-ev.com,3.4,769,31,Restroom;Cafe;Shops,Yes,Yes,Mall,94.53,Offline
STN0221,Mumbai EV Charging Station 221,Local Municipal,Maharashtra,Mumbai,400862,AC Type2,2,7.2;11,34.6,Dynamic,UPI;Credit Card,24x7,+912711775357,contact221@example-ev.com,3.7,953,35,None;Waiting Area;Shops,Yes,No,Metro Station,93.16,Active
STN0222,Bengaluru EV Charging Station 222,Private Operator,Karnataka,Bengaluru,560449,DC CHAdeMO,4,75;75;11;7.2,23.69,Dynamic,UPI;Credit Card;Wallet,08:00-20:00,+914920736947,contact222@example-ev.com,4.4,981,11,Waiting Area,No,Yes,Industrial Area,90.03,Active
STN0223,Mumbai EV Charging Station 223,Fortum,Maharashtra,Mumbai,400970,DC CCS2,4,100;3.3;100;100,24.27,Dynamic,UPI;Credit Card;Wallet,06:00-22:00,+918945936972,contact223@example-ev.com,3.4,8,20,ATM;Restroom,No,Yes,Industrial Area,99.6,Offline
STN0224,New Delhi EV Charging Station 224,Private Operator,Delhi,New Delhi,110254,AC Type2;DC CCS2,8,350;22;3.3;11;30;11;50;30,27.95,Fixed,RFID;UPI,24x7,+919947120756,contact224@example-ev.com,3.9,305,3,Waiting Area;Shops,No,Yes,Metro Station,94.26,Active
STN0225,Kolkata EV Charging Station 225,EVgoIndia,West Bengal,Kolkata,700638,AC Type2;DC CCS2,10,60;250;3.3;7.2;60;22;22;3.3;350;7.2,19.95,Dynamic,RFID;UPI,08:00-20:00,+917482549317,contact225@example-ev.com,3.1,430,7,Waiting Area,No,Yes,Office Complex,95.68,Active
STN0226,New Delhi EV Charging Station 226,Local Municipal,Delhi,New Delhi,110029,AC Type2;DC CHAdeMO,8,7.2;3.3;50;3.3;60;3.3;7.2;250,18.63,Dynamic,RFID;UPI;Credit Card,08:00-20:00,+911120526321,contact226@example-ev.com,3.5,814,33,ATM;Waiting Area;Restroom,Yes,Yes,Airport,91.74,Active
STN0227,New Delhi EV Charging Station 227,AtherGrid,Delhi,New Delhi,110373,AC Type2;DC CHAdeMO,6,11;22;350;250;150;7.2,31.73,Fixed,UPI;Credit Card;Wallet,06:00-22:00,+913718307204,contact227@example-ev.com,3.1,660,9,Shops;ATM,No,Yes,Highway,96.45,Active
STN0228,Chennai EV Charging Station 228,Private Operator,Tamil Nadu,Chennai,600485,DC CHAdeMO,6,100;30;22;60;11;75,14.15,Fixed,UPI;Credit Card,08:00-20:00,+913120499231,contact228@example-ev.com,4.8,437,24,Cafe;Restroom,No,Yes,Highway,97.55,Active
STN0229,Mumbai EV Charging Station 229,Magenta,Maharashtra,Mumbai,400268,DC CCS2;DC CHAdeMO,8,11;50;350;60;3.3;150;50;60,19.88,Dynamic,RFID;UPI,06:00-22:00,+919135539438,contact229@example-ev.com,3.2,24,24,Restroom;None,No,Yes,Metro Station,96.9,Active
STN0230,Ahmedabad EV Charging Station 230,Magenta,Gujarat,Ahmedabad,380689,DC CHAdeMO,8,50;250;75;250;7.2;7.2;75;11,29.25,Dynamic,UPI;Credit Card,06:00-22:00,+912382034105,contact230@example-ev.com,3.2,614,33,Cafe;ATM,No,Yes,Highway,91.43,Active
STN0231,Hyderabad EV Charging Station 231,Tata Power,Telangana,Hyderabad,500177,DC CCS2;DC CHAdeMO,6,22;150;75;30;250;7.2,19.24,Fixed,RFID;UPI,08:00-20:00,+912385288585,contact231@example-ev.com,3.2,400,12,ATM;Restroom;Shops,No,Yes,Office Complex,91.05,Active
STN0232,Hyderabad EV Charging Station 232,AtherGrid,Telangana,Hyderabad,500307,AC Type2;DC CCS2,2,30;60,23.59,Fixed,RFID;UPI;Credit Card,08:00-20:00,+915502046457,contact232@example-ev.com,3.2,213,21,Cafe;Shops;Restroom,No,Yes,Mall,97.95,Active
STN0233,Bengaluru EV Charging Station 233,Private Operator,Karnataka,Bengaluru,560908,AC Type2;DC CHAdeMO,8,22;250;11;7.2;22;11;75;30,18.68,Dynamic,RFID;UPI;Credit Card,08:00-20:00,+911517441043,contact233@example-ev.com,4.8,92,40,ATM,Yes,Yes,Highway,93.56,Active
STN0234,Kolkata EV Charging Station 234,EVgoIndia,West Bengal,Kolkata,700160,DC CHAdeMO,10,22;60;50;75;75;75;50;3.3;22;50,12.31,Dynamic,RFID;UPI;Credit Card,24x7,+918434450826,contact234@example-ev.com,3.2,231,5,Restroom,Yes,Yes,Highway,98.53,Active
STN0235,Chennai EV Charging Station 235,Tata Power,Tamil Nadu,Chennai,600579,AC Type2,10,11;3.3;3.3;7.2;7.2;22;7.2;3.3;3.3;11,12.56,Dynamic,RFID;UPI,06:00-22:00,+915247717384,contact235@example-ev.com,3.4,8,4,None;ATM;Cafe,No,No,Airport,90.34,Active
STN0236,Mumbai EV Charging Station 236,Local Municipal,Maharashtra,Mumbai,400952,AC Type2;DC CHAdeMO,3,50;60;100,31.09,Dynamic,RFID;UPI,08:00-20:00,+914401762032,contact236@example-ev.com,4.1,440,36,None;ATM,Yes,Yes,Office Complex,94.57,Active
STN0237,Pune EV Charging Station 237,Tata Power,Maharashtra,Pune,411168,AC Type2;DC CCS2,8,250;250;350;11;11;30;11;11,21.53,Dynamic,UPI;Credit Card;Wallet,08:00-20:00,+917513039214,contact237@example-ev.com,3.3,21,37,Restroom;Waiting Area;Shops,No,Yes,Office Complex,98.07,Active
STN0238,Chennai EV Charging Station 238,AtherGrid,Tamil Nadu,Chennai,600939,AC Type2,4,7.2;11;11;7.2,26.31,Dynamic,UPI;Credit Card,08:00-20:00,+919061316739,contact238@example-ev.com,4.5,52,26,Shops;Restroom;ATM,No,No,Airport,95.92,Active
STN0239,Hyderabad EV Charging Station 239,Magenta,Telangana,Hyderabad,500417,DC CCS2,4,3.3;22;100;350,26.91,Fixed,RFID;UPI,08:00-20:00,+919966282466,contact239@example-ev.com,3.8,909,9,ATM;Waiting Area;Restroom,No,Yes,Mall,95.36,Active
STN0240,Hyderabad EV Charging Station 240,Private Operator,Telangana,Hyderabad,500232,DC CCS2;DC CHAdeMO,3,250;75;22,12.84,Fixed,UPI;Credit Card,24x7,+919890930592,contact240@example-ev.com,4.2,289,15,Shops;Cafe,Yes,Yes,Highway,99.24,Active
STN0241,Pune EV Charging Station 241,Magenta,Maharashtra,Pune,411145,DC CHAdeMO,6,22;22;7.2;22;11;350,27.08,Dynamic,UPI;Credit Card,24x7,+911238939205,contact241@example-ev.com,4.2,537,17,Shops;Waiting Area,Yes,Yes,Residential Area,96.73,Active
STN0242,Ahmedabad EV Charging Station 242,AtherGrid,Gujarat,Ahmedabad,380031,DC CHAdeMO,2,150;150,32.03,Dynamic,UPI;Credit Card;Wallet,08:00-20:00,+913671646197,contact242@example-ev.com,3.1,264,6,Waiting Area,Yes,Yes,Residential Area,96.65,Active
STN0243,Ahmedabad EV Charging Station 243,Fortum,Gujarat,Ahmedabad,380270,DC CCS2;DC CHAdeMO,10,350;150;7.2;100;75;150;11;350;7.2;50,27.32,Fixed,RFID;UPI;Credit Card,06:00-22:00,+919979587951,contact243@example-ev.com,4.3,882,35,Waiting Area,No,Yes,Industrial Area,92.42,Active
STN0244,Kolkata EV Charging Station 244,AtherGrid,West Bengal,Kolkata,700843,DC CCS2;DC CHAdeMO,3,75;11;3.3,16.74,Fixed,RFID;UPI;Credit Card,06:00-22:00,+914235360181,contact244@example-ev.com,3.1,421,24,None;ATM,No,Yes,Mall,93.5,Active
STN0245,Kolkata EV Charging Station 245,Tata Power,West Bengal,Kolkata,700766,AC Type2;DC CCS2,6,7.2;3.3;7.2;100;3.3;100,15.64,Dynamic,RFID;UPI,06:00-22:00,+916690844088,contact245@example-ev.com,3.6,409,16,None;Restroom,No,Yes,Airport,98.66,Offline
STN0246,Ahmedabad EV Charging Station 246,AtherGrid,Gujarat,Ahmedabad,380190,AC Type2;DC CHAdeMO,8,50;100;350;3.3;75;11;11;11,28.65,Dynamic,RFID;UPI;Credit Card,06:00-22:00,+913494199424,contact246@example-ev.com,3.3,31,37,Waiting Area;Restroom;Cafe,No,Yes,Airport,90.7,Active
STN0247,Mumbai EV Charging Station 247,Fortum,Maharashtra,Mumbai,400433,DC CCS2;DC CHAdeMO,6,150;350;250;250;7.2;7.2,30.25,Dynamic,RFID;UPI;Credit Card,24x7,+910155642175,contact247@example-ev.com,4.8,234,31,Shops;Cafe,No,Yes,Airport,98.68,Active
STN0248,Ahmedabad EV Charging Station 248,Magenta,Gujarat,Ahmedabad,380847,AC Type2;DC CCS2,3,75;22;3.3,13.16,Dynamic,RFID;UPI,06:00-22:00,+916420044912,contact248@example-ev.com,4.5,630,14,Cafe,No,Yes,Airport,97.42,Active
STN0249,Kolkata EV Charging Station 249,Magenta,West Bengal,Kolkata,700102,AC Type2;DC CHAdeMO,6,7.2;250;11;7.2;7.2;3.3,13.1,Dynamic,RFID;UPI;Credit Card,24x7,+912537084114,contact249@example-ev.com,4.8,86,32,Cafe,No,Yes,Industrial Area,93.5,Active
STN0250,Kolkata EV Charging Station 250,AtherGrid,West Bengal,Kolkata,700971,AC Type2;DC CHAdeMO,2,3.3;150,19.52,Dynamic,UPI;Credit Card,24x7,+912941640929,contact250@example-ev.com,4.5,155,7,Restroom;Cafe,Yes,Yes,Metro Station,99.52,Active
